Message Size (bytes),Time (seconds)
2,0.000911562
4,0.000260717
8,0.000164039
16,0.00016443
32,0.000161883
64,0.000157875
128,0.000158587
256,0.000184351
512,0.000177828
1024,0.000243793
2048,0.000223324
4096,0.000700619
