Message Size (bytes),Time (seconds)
2,0.000416831
4,0.000262743
8,0.000160341
16,0.000167234
32,0.000160429
64,0.000161061
128,0.000167814
256,0.000171681
512,0.000261649
1024,0.000260246
2048,0.000222187
4096,0.000673441
